index,unshielded_address,network
1,mn_addr_preprod169xugh23ux3hsug326vdh9qf9cx4x4cdf9w0v3h2zqm77c9jg4tsw7fnul,preprod
2,mn_addr_preprod1al75zeu23rgaxwlfqplu37d49zzwj68cahmzc9ufdq93409jntxs9fxzy8,preprod
3,mn_addr_preprod19kn2t4fp7fr4z76tg0n4adjrka4ux92p5u24z4mnv2kt24cgfenqvc0cgx,preprod
4,mn_addr_preprod10nhn4hatqycjcpmek32fpx252yvqjmtdfmvuzg8a5vapuzlx8wdqjxs0g6,preprod
5,mn_addr_preprod143z4wsy2xa9z44kpavugnyar393ysuma6n2mdfazlhklrf2msfnsf89lty,preprod
6,mn_addr_preprod1hucj3ch9w08xgv8kqxtlgmky877mh4t8v48l70np74qns5fkzyzs76cc9d,preprod
7,mn_addr_preprod1tcntea3trt88dlypvjt22xwe0cvjf8z6ksc39t2wtwv8ce8sz3jq77wgfa,preprod
8,mn_addr_preprod1p8f5hwxy4x4u824t2h5pwfqpjvd8c2wcw47sx6yr80w6wcuc47tspj2sau,preprod
9,mn_addr_preprod142um0c85k6wn5msdf869pdl0gvnykmsxd59sdfsruana7gug7vtqpucr2e,preprod
10,mn_addr_preprod1qhdsv3l699g8uy3t3h40wxdj4gr8tg3vea3eal4lvhzuuyarly2qrwze9c,preprod
11,mn_addr_preprod1u5ev8hzwjtsvc9dkf55wkrscwqzlducw4mxjhcd4ta5v59h045squlctwf,preprod
12,mn_addr_preprod1jrhq0yu47f3rnfny3fdcdxu383tl4mh8865de6xc4r83v3twk47qpu3yfa,preprod
13,mn_addr_preprod1jdmzazzwswh95er24rh7yfqc0fd3kufv4qtaga8ljghs3eqkyx4qqav3hu,preprod
14,mn_addr_preprod1kzvkauvw22kktfacj2qnfxumx5csvxgduecdja7scf7yf0vn2t6spw0uk2,preprod
15,mn_addr_preprod12ektnc505w7sc2u5qfnd8qg8gndwwh8p8yyqzqadnyc99werndesvylsr0,preprod
16,mn_addr_preprod1r7cp7h4clzcr56e3q7l3n7xrjzfqk22ce7jr4ypjahsfp50x7hesp8tdtk,preprod
17,mn_addr_preprod1vjc4mw8fqsnt3sp7vqpesepdknpraj4s02culc47uxzlnmes2lasfmm0az,preprod
18,mn_addr_preprod1v6td8385glhu9z5vck0u9qrdzh6uv0ny3lhfegmdflj6et7eekcqphddae,preprod
19,mn_addr_preprod1dh6dfgxpwyzhj3fjdmqqs64q969tc5lxnve5l5fj88wjz9pjeczsuy3vrc,preprod
20,mn_addr_preprod1ty2fwsca33e8kq5cf3frta2cuuwq3gfwk6n3t8g20x672dh7dx9sr8fg66,preprod
21,mn_addr_preprod1zmlxh4wccs5rx9nc745a7krj75r4up7qxpvssny08putlxmqj59s0q8rpe,preprod
22,mn_addr_preprod1pdl8w8ql2e5ew5xv4yvkgaskysffz4p3cq0tth9uyp0eftavtv8s7c92ln,preprod
23,mn_addr_preprod1g3sq7m6vlx28pd884m9txfwlwvfezhgxrxfrpakkjn8xrm6m3nlsghh8j7,preprod
24,mn_addr_preprod1km76w82848qumftmumkg4vm4up5th6wct4p5t85l4rvt5l25yj9slf6zfg,preprod
25,mn_addr_preprod1mm7e3cd50n0akzk4mm3kvxypwdmas43jpp30egnzhgeksezvwejs8xmk5n,preprod
26,mn_addr_preprod1xh6pfdsrwy325ryp6hfvxungkhpzcwctach064tg6x7h54yx8wsqzfj547,preprod
27,mn_addr_preprod1h0ewlkdktspjrzn4ktuyh2j68ft6va45z5c2xd5fz2ttcaf23f2sjflxlu,preprod
28,mn_addr_preprod1m9xey9dla2hwrdlhnz60689rl83g0ww9gugpsfadl86c574yes6q6y0usj,preprod
29,mn_addr_preprod12wj8el6myuajrm7fx594qxld6yutder2peurc6sp6geee2zx9qjqu7mg02,preprod
30,mn_addr_preprod1nwj74g37fezymvz56g5pmz34krchfu7fnkgw6ff6336ql4hv44cq3ne6qj,preprod
31,mn_addr_preprod15k26pv80tmev76nzdelg3d6hnczuqc2cwfvqpt0t9769q3um548s8ymfpg,preprod
32,mn_addr_preprod1aswjm6j8wvfv8yjqepgm6rmu3ajlwmt0ukjy34zyd9wgytz0x9lsj827uy,preprod
33,mn_addr_preprod1m94pu5lxygst70e02yt903z90nlrcrkq3uatx38pdqjal20exdgqla3h8e,preprod
34,mn_addr_preprod1vc47uuqmyeeqdknwk8r5ly2tww8r6mud7kdk30ftwd22zud4nenq5v2jr7,preprod
35,mn_addr_preprod1jmgyzrffyfvz90mlwsa0eej355753kyfrnuvxhdy6c3muc9mx6zq2e30af,preprod
36,mn_addr_preprod1scysmycqrp28nr4jalu5nvpkatnn4jlglqqw20wwxztmsxeewxyqcf0t9s,preprod
37,mn_addr_preprod18rl6xrhxuls4mgmcvu4x3tfc3ngh85t386h9ay44w7ydxjnhh3aspn9st2,preprod
38,mn_addr_preprod18cjd4e0fx8vrkmeul97r55c0xfgzpv8sjwk99gfsl056w2adxjmsdqnk9z,preprod
39,mn_addr_preprod10ya24ntvkuvewmpg2ezer928rx4x4f48n9mu83hm475t0w57tjrqgar26k,preprod
40,mn_addr_preprod1xyznlld8c0ccgvelmwdgw0x6wypfyvs7j66f786lajf6ctts368qp3l6dr,preprod
41,mn_addr_preprod10wrdeew0hgf5yf2cdrx8rz0wrwv5x9vlf7nxuxw07ls5apy7qzesnt2x0w,preprod
42,mn_addr_preprod1kza6manz0wa9c0rmm7clg2zhl3ehzjwe2gg23xhq8j20saz7jkkq000eyg,preprod
43,mn_addr_preprod1l30q26qlqc3lw7d6d5w0af5s7dscw8r6n532ysatatw3r3nxpmeqspej2k,preprod
44,mn_addr_preprod1fpp6n4j74x59nveekjfdayxher3aahf9un985j586aeclsz7mwkqtlvm9l,preprod
45,mn_addr_preprod1m06ggcmsuggt5uscax4zazhaqnxgu4825quq7kyhv8aksdu6lqnq5wad7a,preprod
46,mn_addr_preprod1cm6srtclnrpjhfrcyz594a0tj5up3lt23sftneg6eppval4pv90q9x5dzn,preprod
47,mn_addr_preprod1c0y420x0j5l2z2axemqcgz2qepc9q3set83uuer9mpgwv2pwmgcsmpkv65,preprod
48,mn_addr_preprod1dcnfqazfxd9d9glvfceq9g30l2z60xd8zpnx76wql0lhykq2622sphhnuv,preprod
49,mn_addr_preprod1p4vp8jcvpdsesu7cu48qhkrr2hddnya8ejyw3shn22crc85xvcrsmzrry3,preprod
50,mn_addr_preprod1qeaffl8kprz9qmwn65wehxv37g9xv0l045f5mtvsx3u25ltdlk4qytnj33,preprod
